{
  "entities": {
    "UserAccount": {
      "$schema": "http://json-schema.org/draft-07/schema#",
      "title": "UserAccount",
      "type": "object",
      "description": "Stores user account information, excluding authentication credentials.",
      "properties": {
        "id": {
          "type": "string",
          "description": "Unique identifier for the user account."
        },
        "email": {
          "type": "string",
          "description": "User's email address.",
          "format": "email"
        },
        "username": {
          "type": "string",
          "description": "The username chosen by the user."
        },
        "registrationDate": {
          "type": "string",
          "description": "Date and time the user registered.",
          "format": "date-time"
        }
      },
      "required": [
        "id",
        "email",
        "username",
        "registrationDate"
      ]
    }
  },
  "auth": {
    "providers": [
      "password",
      "anonymous"
    ]
  },
  "firestore": {
    "structure": [
      {
        "path": "/users/{userId}",
        "definition": {
          "entityName": "UserAccount",
          "schema": {
            "$ref": "#/backend/entities/UserAccount"
          },
          "description": "Stores user account information.  Access is restricted to the user with the matching userId. Includes userId as document id.",
          "params": [
            {
              "name": "userId",
              "description": "The unique identifier for the user, obtained from Firebase Authentication."
            }
          ]
        }
      }
    ],
    "reasoning": "This Firestore data structure is designed to support user authentication and account management for the LexNaija AI application. It prioritizes security, scalability, and ease of debugging by adhering to the principles of Authorization Independence, Clarity of Intent, DBAC (Database-Based Access Control), and QAPs (Rules Are Not Filters).\n\n**Authorization Independence:**\nThe `/users/{userId}` collection houses user account information. Access control is managed through Firebase Authentication, using `request.auth.uid` to verify user identity. Since account details are private, no denormalization is needed.\n\n**Structural Segregation:**\nThe `/users/{userId}` collection is dedicated to storing user profiles, ensuring that all documents within this collection share the same security requirements (i.e., only the authenticated user can access their own profile). This simplifies security rules and eliminates the need for complex logic to differentiate access based on document content.\n\n**Access Modeling:**\nPrivate user data is modeled using path-based ownership (`/users/{userId}`). This structure ensures that only the user with the matching `userId` can access their own account data. This approach simplifies the security rules and enhances data privacy.\n\n**QAPs (Rules Are Not Filters):**\nThe structure inherently supports secure `list` operations. Listing users should not be allowed. If the application required listing of users (for example, for admin purposes), a separate function with appropriate IAM roles should be used to access the data, bypassing security rules and preventing filtering vulnerabilities."
  }
}