{
  "placeholderImages": [
    {
      "id": "tutor",
      "description": "An AI tutor session with a law theme.",
      "imageUrl": "https://images.unsplash.com/photo-1589998059171-988d887df646?crop=entropy&cs=tinysrgb&fit=max&fm=jpg&ixid=M3w3NDE5ODJ8MHwxfHNlYXJjaHwxfHxsYXclMjBib29rfGVufDB8fHx8fDE3Njc5MTYzODd8MA&ixlib=rb-4.1.0&q=80&w=600&h=400",
      "imageHint": "law book"
    },
    {
      "id": "topics",
      "description": "A group of Nigerian lawyers.",
      "imageUrl": "https://www.tekedia.com/wp-content/uploads/2022/08/lawyers.jpg",
      "imageHint": "nigerian lawyers"
    },
    {
      "id": "image-analysis",
      "description": "A person analyzing text from an image on a computer.",
      "imageUrl": "https://encrypted-tbn0.gstatic.com/images?q=tbn:ANd9GcQMK43oy7sD0IuG3VOXgu7HQei0nN5ERzCdww&usqp=CAU",
      "imageHint": "image analysis"
    },
    {
      "id": "case-law",
      "description": "A gavel and a law book.",
      "imageUrl": "https://encrypted-tbn0.gstatic.com/images?q=tbn:ANd9GcSwEBw6dYeC_6g-tH9U_3WEDBLRBLvXkNlypK6LJ6QLbRIQKy9BIoUHk46Z&s=10",
      "imageHint": "gavel"
    },
    {
      "id": "exam",
      "description": "A person taking an exam on a computer.",
      "imageUrl": "https://images.unsplash.com/photo-1454165804606-c3d57bc86b40?crop=entropy&cs=tinysrgb&fit=max&fm=jpg&ixid=M3w3NDE5ODJ8MHwxfHNlYXJjaHwxfHxlb25saW5lJTIwZXhhbXxlbnwwfHx8fDE3Njc5MTY0MDV8MA&ixlib=rb-4.1.0&q=80&w=600&h=400",
      "imageHint": "online exam"
    },
    {
      "id": "notes",
      "description": "A secure vault for storing notes.",
      "imageUrl": "https://cdn-res.keymedia.com/cms/images/ca/120/0422_638551044862842454.jpg",
      "imageHint": "notes vault"
    }
  ]
}